{"16": {"Marissa May": 854.1962873440101, "Raichel Goodyear": 1205.6996311747573, "Emily Maynard": 1193.6444557022514, "Jill Ruskowski": 206.18617786438713, "Sarah Powell": 771.322111201016, "Melissa Schreiber": 1553.124772028825, "Ashley Spivey": 1095.4162937190106, "Chantal O'Brien": 1764.2291696500997, "Stacey Quirpel": 1694.023997445107, "Britnee": 1449.079206870544, "Cristy Caserta": 1100.9661530608535, "Kimberly Coon": 991.4073919816597, "Keltie Colleen": 1785.9756359872742, "Ashley Hebert": 1957.3993540365805, "Jessica \"J\"": 1769.241013068411, "Shawntel Newton": 1505.7438915261507, "Madison Garton": 810.8012847941336, "Lauren Moore": 1259.3116894515833, "Renee Halpin": 963.5474825424224, "Sarah Ledtke": 1182.9730940396248, "Alli Travis": 1066.4783458552154, "Lisa Morrisey": 611.9643797960214, "Jackie Gordon": 1660.991092246681, "Lisa P.": 1545.941141282164, "Meghan Merritt": 1469.8619880527872, "Lacey Garbelman": 935.8700083205325, "Michelle Money": 1073.9633671237189, "Rebecca": 1188.2765854132194, "Britt Billmaier": 1768.4663267872836, "Lindsay Hill": 199.33323672317258}, "17": {"Marissa May": 854.1962873440101, "Raichel Goodyear": 1205.6996311747573, "Emily Maynard": 1193.6444557022514, "Jill Ruskowski": 206.18617786438713, "Sarah Powell": 771.322111201016, "Melissa Schreiber": 1553.124772028825, "Ashley Spivey": 1095.4162937190106, "Chantal O'Brien": 1764.2291696500997, "Stacey Quirpel": 1694.023997445107, "Britnee": 1449.079206870544, "Cristy Caserta": 1100.9661530608535, "Kimberly Coon": 991.4073919816597, "Keltie Colleen": 1785.9756359872742, "Ashley Hebert": 1957.3993540365805, "Jessica \"J\"": 1769.241013068411, "Shawntel Newton": 1505.7438915261507, "Madison Garton": 810.8012847941336, "Lauren Moore": 1259.3116894515833, "Renee Halpin": 963.5474825424224, "Sarah Ledtke": 1182.9730940396248, "Alli Travis": 1066.4783458552154, "Lisa Morrisey": 611.9643797960214, "Jackie Gordon": 1660.991092246681, "Lisa P.": 1545.941141282164, "Meghan Merritt": 1469.8619880527872, "Lacey Garbelman": 935.8700083205325, "Michelle Money": 1073.9633671237189, "Rebecca": 1188.2765854132194, "Britt Billmaier": 1768.4663267872836, "Lindsay Hill": 199.33323672317258}, "18": {"Marissa May": 854.1962873440101, "Raichel Goodyear": 1205.6996311747573, "Emily Maynard": 1193.6444557022514, "Jill Ruskowski": 206.18617786438713, "Sarah Powell": 771.322111201016, "Melissa Schreiber": 1553.124772028825, "Ashley Spivey": 1095.4162937190106, "Chantal O'Brien": 1764.2291696500997, "Stacey Quirpel": 1694.023997445107, "Britnee": 1449.079206870544, "Cristy Caserta": 1100.9661530608535, "Kimberly Coon": 991.4073919816597, "Keltie Colleen": 1785.9756359872742, "Ashley Hebert": 1957.3993540365805, "Jessica \"J\"": 1769.241013068411, "Shawntel Newton": 1505.7438915261507, "Madison Garton": 810.8012847941336, "Lauren Moore": 1259.3116894515833, "Renee Halpin": 963.5474825424224, "Sarah Ledtke": 1182.9730940396248, "Alli Travis": 1066.4783458552154, "Lisa Morrisey": 611.9643797960214, "Jackie Gordon": 1660.991092246681, "Lisa P.": 1545.941141282164, "Meghan Merritt": 1469.8619880527872, "Lacey Garbelman": 935.8700083205325, "Michelle Money": 1073.9633671237189, "Rebecca": 1188.2765854132194, "Britt Billmaier": 1768.4663267872836, "Lindsay Hill": 199.33323672317258}, "19": {"Marissa May": 854.1962873440101, "Raichel Goodyear": 1205.6996311747573, "Emily Maynard": 1193.6444557022514, "Jill Ruskowski": 206.18617786438713, "Sarah Powell": 771.322111201016, "Melissa Schreiber": 1553.124772028825, "Ashley Spivey": 1095.4162937190106, "Chantal O'Brien": 1764.2291696500997, "Stacey Quirpel": 1694.023997445107, "Britnee": 1449.079206870544, "Cristy Caserta": 1100.9661530608535, "Kimberly Coon": 991.4073919816597, "Keltie Colleen": 1785.9756359872742, "Ashley Hebert": 1957.3993540365805, "Jessica \"J\"": 1769.241013068411, "Shawntel Newton": 1505.7438915261507, "Madison Garton": 810.8012847941336, "Lauren Moore": 1259.3116894515833, "Renee Halpin": 963.5474825424224, "Sarah Ledtke": 1182.9730940396248, "Alli Travis": 1066.4783458552154, "Lisa Morrisey": 611.9643797960214, "Jackie Gordon": 1660.991092246681, "Lisa P.": 1545.941141282164, "Meghan Merritt": 1469.8619880527872, "Lacey Garbelman": 935.8700083205325, "Michelle Money": 1073.9633671237189, "Rebecca": 1188.2765854132194, "Britt Billmaier": 1768.4663267872836, "Lindsay Hill": 199.33323672317258}, "13": {"Marissa May": 854.1962873440101, "Raichel Goodyear": 1205.6996311747573, "Emily Maynard": 1193.6444557022514, "Jill Ruskowski": 206.18617786438713, "Sarah Powell": 771.322111201016, "Melissa Schreiber": 1553.124772028825, "Ashley Spivey": 1095.4162937190106, "Chantal O'Brien": 1764.2291696500997, "Stacey Quirpel": 1694.023997445107, "Britnee": 1449.079206870544, "Cristy Caserta": 1100.9661530608535, "Kimberly Coon": 991.4073919816597, "Keltie Colleen": 1785.9756359872742, "Ashley Hebert": 1957.3993540365805, "Jessica \"J\"": 1769.241013068411, "Shawntel Newton": 1505.7438915261507, "Madison Garton": 810.8012847941336, "Lauren Moore": 1259.3116894515833, "Renee Halpin": 963.5474825424224, "Sarah Ledtke": 1182.9730940396248, "Alli Travis": 1066.4783458552154, "Lisa Morrisey": 611.9643797960214, "Jackie Gordon": 1660.991092246681, "Lisa P.": 1545.941141282164, "Meghan Merritt": 1469.8619880527872, "Lacey Garbelman": 935.8700083205325, "Michelle Money": 1073.9633671237189, "Rebecca": 1188.2765854132194, "Britt Billmaier": 1768.4663267872836, "Lindsay Hill": 199.33323672317258}, "14": {"Marissa May": 854.1962873440101, "Raichel Goodyear": 1205.6996311747573, "Emily Maynard": 1193.6444557022514, "Jill Ruskowski": 206.18617786438713, "Sarah Powell": 771.322111201016, "Melissa Schreiber": 1553.124772028825, "Ashley Spivey": 1095.4162937190106, "Chantal O'Brien": 1764.2291696500997, "Stacey Quirpel": 1694.023997445107, "Britnee": 1449.079206870544, "Cristy Caserta": 1100.9661530608535, "Kimberly Coon": 991.4073919816597, "Keltie Colleen": 1785.9756359872742, "Ashley Hebert": 1957.3993540365805, "Jessica \"J\"": 1769.241013068411, "Shawntel Newton": 1505.7438915261507, "Madison Garton": 810.8012847941336, "Lauren Moore": 1259.3116894515833, "Renee Halpin": 963.5474825424224, "Sarah Ledtke": 1182.9730940396248, "Alli Travis": 1066.4783458552154, "Lisa Morrisey": 611.9643797960214, "Jackie Gordon": 1660.991092246681, "Lisa P.": 1545.941141282164, "Meghan Merritt": 1469.8619880527872, "Lacey Garbelman": 935.8700083205325, "Michelle Money": 1073.9633671237189, "Rebecca": 1188.2765854132194, "Britt Billmaier": 1768.4663267872836, "Lindsay Hill": 199.33323672317258}, "15": {"Marissa May": 854.1962873440101, "Raichel Goodyear": 1205.6996311747573, "Emily Maynard": 1193.6444557022514, "Jill Ruskowski": 206.18617786438713, "Sarah Powell": 771.322111201016, "Melissa Schreiber": 1553.124772028825, "Ashley Spivey": 1095.4162937190106, "Chantal O'Brien": 1764.2291696500997, "Stacey Quirpel": 1694.023997445107, "Britnee": 1449.079206870544, "Cristy Caserta": 1100.9661530608535, "Kimberly Coon": 991.4073919816597, "Keltie Colleen": 1785.9756359872742, "Ashley Hebert": 1957.3993540365805, "Jessica \"J\"": 1769.241013068411, "Shawntel Newton": 1505.7438915261507, "Madison Garton": 810.8012847941336, "Lauren Moore": 1259.3116894515833, "Renee Halpin": 963.5474825424224, "Sarah Ledtke": 1182.9730940396248, "Alli Travis": 1066.4783458552154, "Lisa Morrisey": 611.9643797960214, "Jackie Gordon": 1660.991092246681, "Lisa P.": 1545.941141282164, "Meghan Merritt": 1469.8619880527872, "Lacey Garbelman": 935.8700083205325, "Michelle Money": 1073.9633671237189, "Rebecca": 1188.2765854132194, "Britt Billmaier": 1768.4663267872836, "Lindsay Hill": 199.33323672317258}}