{"16": {"Samantha Levey": 2267.1998911481364, "Holly Johnson": 2145.6033057601094, "Nicki Sterling": 1488.541443341055, "Elyse Myers": 1860.419707322939, "Kacie Boguskie": 1940.3303014977366, "Shawn Reynolds": 2049.039456581266, "Courtney Robertson": 702.073633229256, "Monica Spannbauer": 96.36559113586736, "Lindzi Cox": 624.8155257899272, "Rachel Truehart": 2612.7835098249793, "Shira Astrof": 2599.221349098865, "Jaclyn Swartz": 2687.303462417303, "Casey Shteamer": 1515.7282878111737, "Lyndsie James": 5323.980053048556, "Anna Snowball": 2090.3571803772497, "Amber Tierney": 1403.4225896387084, "Amber Bacon": 742.4591338674841, "Blakeley Jones": 2250.150351675398, "Jamie Otis": 2430.453835620328, "Jenna Burke": 2059.8773063649014, "Erika Uhlig": 2383.3706563308974, "Emily O'Brien": 2393.7812766095376, "Brittney Schreiner": 970.9035506262244, "Dianna Martinez": 403.06434237044215, "Jennifer Fritsch": 1366.3014597332447}, "17": {"Ashley Palenkas": 1034.0141334816974, "Brooke Burchette": 1085.9976742593208, "Desiree Hartsock": 660.1762946421666, "Kacie Boguskie": 615.175831176538, "Catherine Giudici": 1669.041180604197, "Sarah Herron": 660.624944682726, "Tierra LiCausi": 1053.297130670457, "Lindsay Yenter": 1049.7943523777285, "Selma Alameri": 1164.0635297960189, "Jackie Parr": 978.9146845513801, "Ashley Harper": 1074.672752502156, "Kelly Dutton": 634.1534532248336, "Kristy Kaminski": 821.1005728223005, "Amanda Meyer": 1264.9495289253348, "Diana Weeks Willardson": 986.7000178094568, "Paige Vigil": 1388.9997472361815, "Lauren Marchetti": 1536.2144832476981, "Keriann Miranda": 1250.785019141551, "Katie Levans": 813.4541116693043, "Lacey Latka": 1240.948713590486, "AshLee Frazier": 229.90672857100654, "Robyn Howard": 229.90672857100654, "Daniella McBride": 1455.531879159204, "Leslie Hughes": 941.0112681448238, "Lesley Murphy": 239.025130136685, "Taryn Renee Daniels": 1607.2894156379484}, "18": {"Valerie Eredia": 2352.217518633612, "Victoria Lima": 5258.823257676333, "Lucy ": 2381.9144037789583, "Elise Mosca": 86.2828945205615, "Maggie Gantt": 662.0595801100951, "Cassandra Ferguson": 333.05032326638855, "Alli Restko": 585.096236519034, "Renee Oteri": 310.6258505989122, "Kelly Travis": 730.6281823203313, "Chelsie Webster": 337.2554894309316, "Nikki Ferrell": 954.9099694054818, "Amy Long": 1004.3883652934752, "Chantel Forrest": 1170.4737586202184, "Danielle Ronco": 723.263783122963, "Christy Hansen": 607.4811279051079, "Andi Dorfman": 737.3739169994519, "Amy Jokinen": 987.4315407182863, "Lauren Solomon": 1444.0916423676124, "Ashley Poe": 1302.0228304854559, "Kylie Lewis": 642.7468541930331, "Alexis Morgado": 1055.691157303092, "Lacy Faddoul": 2294.1965636251352, "Christine Llano": 1170.4737586202184, "Sharleen Joynt": 209.88183376489556, "Lauren Higginson": 1214.7635381930984, "Clare Crawley": 2349.4003702788727, "Kat Hurd": 772.1895633222505}, "19": {"Tara Eddings": 1320.4954667816855, "Brittany Fetkin": 1517.4579345218335, "Jordan Branch": 700.4632326357864, "Jade Roper": 615.6367947113206, "Nikki Delventhal": 920.6573650486376, "Whitney Bischoff": 439.03526269833986, "Juelia Kinney": 1539.646972307228, "Samantha Steffen": 352.6123874171144, "Kaitlyn Bristowe": 1237.0290838274304, "Tandra Steiner": 1049.0502222904008, "Mackenzie Deonigi": 1506.2377063295542, "Ashley Salter": 923.9441035520176, "Tracy Darakis": 1284.696197690236, "Trina Scherenberg": 176.8020034219074, "Jillian Anderson": 570.5168310278776, "Michelle Davis": 1046.865948453537, "Carly Waddell": 752.5351054422041, "Becca Tilley": 719.0630678610577, "Alissa Giambrone": 892.5978626076204, "Amanda Goerlitz": 174.7360833100729, "Ashley Iaconetti": 793.7129647784593, "Kimberly Sherbach": 945.6245621518328, "Amber James": 225.86064763004885, "Kelsey Poe": 294.3840222960598, "Megan Bell": 524.5598279561289, "Britt Nilsson": 1553.488583124399, "Bo Stanley": 1602.0960862851389, "Nicole Meacham": 1266.5548601289918, "Kara Wilson": 478.6097713054905, "Reegan Cornwell": 1564.2668600394713}, "13": {"Renee": 103.1352373386127, "Ann Lueders": 1746.0453076068166, "Shelby": 2099.934630522506, "Stacia": 1561.204468535198, "Sharon Staebell": 206.83937182763012, "Treasure": 1564.2866429602907, "Stephanie Hogan": 538.679445664433, "Jackie": 472.72468367032195, "Molly Malaney": 226.88992670379636, "Lisa Gonzalez": 1749.8091800191487, "Raquel Medeiros": 4525.683265277514, "Erica": 439.6996069176085, "Dominique": 279.06818918336455, "Natalie Getz": 409.1438006576671, "Julie": 126.68774808821611, "Nicole \"Nikki\" Kaapke": 309.4134716396917, "Shannon Bair": 627.4940327986076, "Naomi Rose Crespo": 2026.2010311344125, "Melissa Rycroft": 1025.0644215260074, "Kari Fajen": 692.4415714343161, "Megan Parris": 103.28484529409566, "Jillian Harris": 1879.9773254583067, "Lauren Wanger": 397.3461183171416, "Nicole": 1663.6475371549636, "Emily": 2020.4603906364855}, "14": {"Ali Fedotowsky": 1453.4791173921383, "Elizabeth Kreft (D.C.)": 601.0846816845053, "Channy Choch": 1502.091640350217, "Valishia Savage": 1183.1724226297426, "Vienna Girardi": 970.9157104721276, "Ella Nolan": 761.5204674393727, "Kimberly Sullivan": 172.99416186128153, "Ashley Elmore": 1069.5240028168412, "Emily Harkins": 825.8607994638552, "Rozlyn Papa": 1139.8437006911345, "Caitlyn McCabe": 786.0409390843002, "Stephanie Mueller": 750.7293599706078, "Michelle Kujawa": 1219.4111170557521, "Corrie Adamson": 965.7509905694038, "Tiana Kruzel": 1535.368572276365, "Tenley Molzahn": 1638.6897008507951, "Alexa McAllister": 903.3684377687268, "Kirsten Pittman": 656.1460314114217, "Kathryn Sherlock": 781.6180135722046, "Sheila Marie Lidner": 874.4606519832663, "Elizabeth Kitt (NE)": 598.2954282500286, "Christina McCasland": 1181.7500688615544, "Gia Allemand": 1371.9889170784672, "Jessie Sulidis": 1183.8101888124677, "Ashleigh Hunt": 1173.4783776634622}, "15": {"Marissa May": 854.1962873440101, "Raichel Goodyear": 1205.6996311747573, "Emily Maynard": 1193.6444557022514, "Jill Ruskowski": 206.18617786438713, "Sarah Powell": 771.322111201016, "Melissa Schreiber": 1553.124772028825, "Ashley Spivey": 1095.4162937190106, "Chantal O'Brien": 1764.2291696500997, "Stacey Quirpel": 1694.023997445107, "Britnee": 1449.079206870544, "Cristy Caserta": 1100.9661472025316, "Kimberly Coon": 991.4073919816597, "Keltie Colleen": 1785.9756359872742, "Ashley Hebert": 1957.3993540365805, "Jessica \"J\"": 1769.241013068411, "Shawntel Newton": 1505.7438915261507, "Madison Garton": 810.8012847941336, "Lauren Moore": 1259.3116894515833, "Renee Halpin": 963.5474825424224, "Sarah Ledtke": 1182.9730940396248, "Alli Travis": 1066.4783458552154, "Lisa Morrisey": 611.9643797960214, "Jackie Gordon": 1660.991092246681, "Lisa P.": 1545.941141282164, "Meghan Merritt": 1469.8619880527872, "Lacey Garbelman": 935.8700083205325, "Michelle Money": 1073.9633671237189, "Rebecca": 1188.2765854132194, "Britt Billmaier": 1768.4663267872836, "Lindsay Hill": 199.33323672317258}}