{"16": {"Samantha Levey": [40.4416941, -79.9900861], "Holly Johnson": [37.7525922, -83.0687816], "Nicki Sterling": [32.8234621, -97.1705678], "Elyse Myers": [41.8755546, -87.6244212], "Kacie Boguskie": [36.5285918, -87.3098696], "Shawn Reynolds": [39.1014537, -84.5124602], "Courtney Robertson": [33.5091215, -111.8992365], "Monica Spannbauer": [39.2839755, -121.3556818], "Lindzi Cox": [47.5395736, -122.1563331], "Rachel Truehart": [42.2292572, -72.7300929], "Shira Astrof": [40.6803785, -73.4551241], "Jaclyn Swartz": [42.3370414, -71.2092214], "Casey Shteamer": [38.966673, -94.6169012], "Lyndsie James": [51.5073219, -0.1276473], "Anna Snowball": [42.3486635, -83.0567375], "Amber Tierney": [40.9174204, -96.5281669], "Amber Bacon": [49.2559998, -122.7651991], "Blakeley Jones": [35.3692877, -81.9567716], "Jamie Otis": [42.4909053, -76.2971553], "Jenna Burke": [39.2689562, -84.2638406], "Erika Uhlig": [38.029306, -78.4766781], "Emily O'Brien": [35.9131996, -79.0558445], "Brittney Schreiner": [38.8339578, -104.8253485], "Dianna Martinez": [34.0991325, -118.1086041], "Jennifer Fritsch": [34.6295165, -98.6286741]}, "17": {"Ashley Palenkas": [42.6741189, -82.902901], "Brooke Burchette": [40.4416941, -79.9900861], "Desiree Hartsock": [39.885541, -104.9872026], "Kacie Boguskie": [36.5285918, -87.3098696], "Catherine Giudici": [47.6038321, -122.3300624], "Sarah Herron": [39.6361637, -105.321457878674], "Tierra LiCausi": [36.1662859, -115.149225], "Lindsay Yenter": [35.1422775, -78.9987277869195], "Selma Alameri": [32.7174209, -117.1627714], "Jackie Parr": [29.2858129, -81.0558894], "Ashley Harper": [35.7112642, -78.6141709], "Kelly Dutton": [36.1622296, -86.774353], "Kristy Kaminski": [42.6016814, -88.7076041], "Amanda Meyer": [35.3738712, -119.0194639], "Diana Weeks Willardson": [40.7670126, -111.8904308], "Paige Vigil": [40.7305991, -73.9865812], "Lauren Marchetti": [41.7809588, -71.4371257], "Keriann Miranda": [34.1363945, -118.7745348], "Katie Levans": [42.3149592, -88.4475375], "Lacey Latka": [34.4436063, -118.6095321], "AshLee Frazier": [29.7589382, -95.3676974], "Robyn Howard": [29.7589382, -95.3676974], "Daniella McBride": [37.5202145, -122.2758008], "Leslie Hughes": [27.7208575, -82.4331528], "Lesley Murphy": [35.3872218, -94.4248983], "Taryn Renee Daniels": [45.5317928, -122.391155]}, "18": {"Valerie Eredia": [38.9509675, -121.697088], "Victoria Lima": [-30.0282658, -51.228427], "Lucy ": [34.7136533, -119.9858232], "Elise Mosca": [41.2789699, -75.8782519], "Maggie Gantt": [33.6523712, -81.3612142], "Cassandra Ferguson": [42.6702185, -83.0342623825581], "Alli Restko": [41.6303103, -87.8539425], "Renee Oteri": [41.3924769, -70.6202643063347], "Kelly Travis": [33.6676103, -84.0176904], "Chelsie Webster": [40.6786691, -82.5823931], "Nikki Ferrell": [39.3677802, -94.3621703], "Amy Long": [28.5395705, -81.7521984811927], "Chantel Forrest": [25.7742658, -80.1936589], "Danielle Ronco": [39.1753256, -89.6542579], "Christy Hansen": [41.7605849, -88.3200715], "Andi Dorfman": [33.7490987, -84.3901849], "Amy Jokinen": [28.7414145, -81.5344293037456], "Lauren Solomon": [30.2711286, -97.7436994], "Ashley Poe": [33.0040126, -97.2258483], "Kylie Lewis": [42.2713945, -89.093966], "Alexis Morgado": [27.9477595, -82.458444], "Lacy Faddoul": [34.7544264, -118.2895212], "Christine Llano": [25.7742658, -80.1936589], "Sharleen Joynt": [45.4210328, -75.6900219], "Lauren Higginson": [35.6571367, -97.4649038], "Clare Crawley": [38.561652, -121.450028157675], "Kat Hurd": [41.6612561, -91.5299106]}, "19": {"Tara Eddings": [26.1223084, -80.1433786], "Brittany Fetkin": [33.4946353, -117.1473661], "Jordan Branch": [40.4774818, -104.9013617], "Jade Roper": [41.8258016, -103.6604995], "Nikki Delventhal": [40.7305991, -73.9865812], "Whitney Bischoff": [38.2542376, -85.759407], "Juelia Kinney": [45.5202471, -122.6741949], "Samantha Steffen": [39.7683331, -86.1583501], "Kaitlyn Bristowe": [53.260697, -113.5500325], "Tandra Steiner": [40.572851, -111.833449531627], "Mackenzie Deonigi": [47.3664231, -122.0437127], "Ashley Salter": [40.6501038, -73.9495823], "Tracy Darakis": [26.6586779, -80.2414357], "Trina Scherenberg": [42.1655801, -88.2942493], "Jillian Anderson": [41.2446155, -80.7388368582557], "Michelle Davis": [40.2258645, -111.6639881], "Carly Waddell": [32.7355816, -97.1071186], "Becca Tilley": [32.4828485, -93.8284831615932], "Alissa Giambrone": [40.506215, -74.6201578], "Amanda Goerlitz": [42.1816908, -88.3303618], "Ashley Iaconetti": [38.9981653, -77.2883157], "Kimberly Sherbach": [40.6837121, -73.5101258], "Amber James": [41.1200325, -87.8611531], "Kelsey Poe": [42.870859, -85.8650358], "Megan Bell": [36.1622296, -86.774353], "Britt Nilsson": [34.1028268, -118.3299899], "Bo Stanley": [34.3988838, -119.5184564], "Nicole Meacham": [33.5091215, -111.8992365], "Kara Wilson": [37.1925472, -86.2677545], "Reegan Cornwell": [33.8950839, -118.4000147]}, "13": {"Renee": [42.4733689, -83.2218731], "Ann Lueders": [33.4467681, -112.0756724], "Shelby": [37.9577016, -121.2907796], "Stacia": [40.2975185, -111.6944685], "Sharon Staebell": [42.9980144, -78.1875515], "Treasure": [40.7670126, -111.8904308], "Stephanie Hogan": [34.676649, -86.4812115114272], "Jackie": [42.11241225, -72.5467136595821], "Molly Malaney": [42.9632405, -85.6678639], "Lisa Gonzalez": [43.615046, -116.2044428], "Raquel Medeiros": [-8.0581077, -34.8979047], "Erica": [41.3325962, -73.2073358], "Dominique": [40.7970312, -76.4118961], "Natalie Getz": [40.6127349, -89.459323], "Julie": [39.9622601, -83.0007065], "Nicole \"Nikki\" Kaapke": [41.65530805, -87.6775904730416], "Shannon Bair": [39.1230777, -93.1968704], "Naomi Rose Crespo": [33.1580933, -117.3505939], "Melissa Rycroft": [32.7762719, -96.7968558], "Kari Fajen": [38.9108408, -94.3821724], "Megan Parris": [40.5364566, -80.1845031], "Jillian Harris": [56.2337111, -117.2910839], "Lauren Wanger": [40.3153877, -74.2462564], "Nicole": [51.0530588, -114.0625614], "Emily": [47.6038321, -122.3300624]}, "14": {"Ali Fedotowsky": [42.712207, -73.2035986], "Elizabeth Kreft (D.C.)": [37.637247, -87.958036], "Channy Choch": [38.4404675, -122.7144314], "Valishia Savage": [34.1083449, -117.2897652], "Vienna Girardi": [28.7397163, -81.1150615], "Ella Nolan": [36.365831, -84.1290115672039], "Kimberly Sullivan": [35.2225717, -97.4394816], "Ashley Elmore": [40.4416941, -79.9900861], "Emily Harkins": [39.3303357, -84.408275], "Rozlyn Papa": [37.5385087, -77.4342799], "Caitlyn McCabe": [41.8616956, -88.1609031], "Stephanie Mueller": [41.357254, -88.4211785], "Michelle Kujawa": [33.8347516, -117.911732], "Corrie Adamson": [28.2920249, -81.4078013], "Tiana Kruzel": [51.0530588, -114.0625614], "Tenley Molzahn": [45.300596, -122.9725418], "Alexa McAllister": [39.9139207, -83.1633336], "Kirsten Pittman": [39.729432, -104.8319196], "Kathryn Sherlock": [38.0464066, -84.4970393], "Sheila Marie Lidner": [33.5091215, -111.8992365], "Elizabeth Kitt (NE)": [40.5169402, -101.6432253], "Christina McCasland": [32.7174209, -117.1627714], "Gia Allemand": [40.7305991, -73.9865812], "Jessie Sulidis": [43.4474108, -79.6665485], "Ashleigh Hunt": [39.082886, -77.2649824]}, "15": {"Marissa May": [33.4153143, -111.8312641], "Raichel Goodyear": [33.8708215, -117.9294165], "Emily Maynard": [39.629526, -79.9558968], "Jill Ruskowski": [33.1506744, -96.8236116], "Sarah Powell": [39.7391536, -104.9847034], "Melissa Schreiber": [41.1414855, -73.3578955], "Ashley Spivey": [35.0712608, -79.7614395], "Chantal O'Brien": [47.5766324, -122.2276378], "Stacey Quirpel": [42.2528772, -71.0022705], "Britnee": [40.1728871, -74.9926688], "Cristy Caserta": [26.075729, -80.2841088753086], "Kimberly Coon": [28.5421175, -81.3790462], "Keltie Colleen": [53.5256134, -113.2968891], "Ashley Hebert": [47.2840565, -68.2359593554201], "Jessica \"J\"": [47.6038321, -122.3300624], "Shawntel Newton": [39.7284945, -121.8374777], "Madison Garton": [39.6426439, -106.3862088], "Lauren Moore": [38.4912207, -77.9618216],