{"13": {"Shelby": [-4343.183178458969, 836.5548149271416], "Treasure": [-989.0569341865212, 3281.69804078995], "Molly": [2629.7859374055997, -1162.096529430523], "Megan": [6638.845122447134, -300.8427989451888], "Renee": [4801.7363915501455, -3891.1496186764693], "Natalie": [-2258.6406206821325, -1524.0364137051179], "Stacia": [701.7999451357159, 6410.219560043862], "Jackie": [818.6787334936365, 6262.001919543481], "Erica": [1964.0966266795633, -2548.440159785974], "Lisa": [418.62329906989135, -2599.4370287150355], "Stephanie": [-550.3896602969412, 5831.584027046808], "Nikki": [7738.087752391576, -1848.3960383338], "Kari": [2898.7903278761473, -1696.2319036615008], "Dominique": [1836.947700004691, -219.2115663153304], "Julie": [736.8665590022715, 325.38450886935203], "Raquel": [4143.458840759773, 1805.024386746378], "Nicole": [8783.278386444976, 747.6717595008524], "Naomi": [1834.3185260532573, -1861.1237723851677], "Lauren": [2032.3824522379357, 2362.5081077486257], "Ann": [333.03097302371924, -832.9902573012765], "Shannon": [4917.125367980891, -836.757894093592], "Emily": [-1292.0111535179135, -1556.0009275788336]}, "15": {"Marissa May": [1504.1690208907353, -5312.856288624259], "Raichel Goodyear": [2922.0292860698946, -3398.4808080406383], "Chantal OBrien": [3567.0958082612156, 3315.9684501748284], "Stacey Queripel": [1590.0361197304308, -3106.1675269898637], "Keltie Colleen": [2975.5951362746882, -3617.3353873532837], "Sarah Powell": [-5899.291242527535, -4272.220437033395], "Renee Halpin": [342.4698503937245, -1556.3319802957606], "Alli Travis": [-1435.0953615645028, -4490.141200093225], "Jackie Gordon": [-3784.824349070926, 5716.33073947396], "Meghan Merritt": [1119.8559292558698, -5783.9255787224], "Lisa Morrisey": [5544.60877455816, 2067.334440811242], "Rebecca": [-3634.7305273618663, 8607.769985907527], "Britt Billmaier": [-4650.9334923564675, -3754.972871209015], "Melissa Schreiber": [-5074.494152449149, -611.2016999537026], "Michelle Money": [267.07507896594734, -2315.8409493455724], "Sarah L": [4337.478687558886, -343.07070514663974], "Jill Ruskowski": [1678.7310789089677, -5979.577987606244], "J": [-243.83795358241733, 7522.492231160862], "Britnee": [-4291.16580888177, 5409.833690534874], "Kimberly Coon": [-6784.371501451784, -1079.6361819200135], "Lauren": [-4873.661687055872, 3017.8243440882106], "Shawntel Newton": [3993.629977381293, -368.8796450133954], "Madison Garton": [-4931.5799890240605, -501.0922653634969], "Cristy": [-3333.794386401377, 1637.499452730986], "Lisa P": [-6070.722994043007, -2687.353335076103], "Lacey Garbelman": [-3399.0667660666254, -3640.5377213853726], "Lindsay Hill": [-358.8124118616619, -3398.280438758797], "Emily Maynard": [-7330.945708249177, -2693.2609548218516]}, "14": {"Kimberly": [5564.924508796308, 688.7789011884184], "Ella Nolan": [8450.377016842309, -2519.9785783534676], " Ashleigh Hunt ": [-870.3333510104502, -1309.8030478631208], "Caitlyn McCabe": [410.4606758518371, 5773.67196418932], "Rozlyn Papa": [-701.973026628317, -2446.866493882291], "Gia Alliemand": [7009.2040597228815, -765.0337132727932], "Michelle Kujawa": [783.9005479099005, -521.3040072262379], "Kirsten": [2405.7412675671117, -1497.8432484394796], "Channy Choch": [7418.385584575813, -2957.7904107567306], "Valishia Savage": [5625.76709587003, -2789.179092671261], "Vienna Girardi": [-1638.345793106843, -543.9658924015766], "Elizabeth Kreft": [6685.180048887051, -1565.9752445120932], "Elizabeth Kitt": [10682.783976847457, 512.3948742026256], "Emily Harkins": [9708.434381096376, 898.7487293316564], "Stephanie": [5961.4284663473445, -1172.0171830972529], "Alexa Mcallister": [-692.7583282562175, -1508.9751083061217], "Corrie": [946.3356340176839, -2540.4205209586576], "Ali Fedotowsky": [176.98425101596112, -1046.8152108954964], "Sheila": [-2298.7173104525164, 973.7435127097459], "Ashley Almore": [7473.746660612911, -2266.1556232664307], "Kathryn": [444.7206125975803, -2061.457303992294], "Tiana": [-3160.863933033101, -2318.5868403944237], "Tenley": [2460.6322644205184, 1743.8488064736905], "Christina McCasland": [-433.9946572040555, 1734.2689397995603], "Jessie Sulidis": [4008.9859937329998, 1531.6998929762915]}, "17": {"KELLY": [-7204.184954421542, -2168.50017090654], "LINDSAY": [2709.581572537797, -508.4825157800218], "ASHLEY P.": [522.279224838121, 4090.6504853350843], "KERIANN": [-2931.5298693737645, -3410.727057525629], "TARYN": [-6354.915189775038, -2881.5742361110197], "SELMA": [4003.4112601940874, 2197.160429798025], "LESLEY": [-257.39576675138824, -539.5447038560814], "DANIELLA": [-3859.295939101637, -702.2297247573871], "ASHLEE": [925.7394493396887, 886.4261668823948], "LACEY": [-4640.445297354824, -1677.6673600442596], "KATIE": [2396.2127831151793, 221.49817086184325], "SARAH": [-4430.492946973499, 749.8540195127039], "LESLIE": [3602.2056497367403, -3537.1491364133517], "TIERRA": [-1253.7380071759003, 2023.8916507427084], "BROOKE": [4390.118905600104, 3535.794232069682], "LAUREN": [-2758.155764160631, 215.76018736636712], "JAKIE": [-2774.362748229263, 464.4739933825521], "DIANA": [1484.736903524789, 2233.713583248548], "ASHLEY H.": [6300.429628073282, 2975.101434671169], "CATHERINE": [-4851.902080831635, -119.95583191056411], "ROBYN": [1258.272003353484, 941.1473262167893], "KRISTY": [1520.9052899278126, -4316.402900634071], "DESIREE": [5565.23830074727, 2093.109336636945], "AMANDA": [15.614248701265698, 1382.849066872165]}, "16": {"": [2662.3115919305983, 1712.6928009994424], "Casey Shteamer ": [-3735.2427444391096, 1336.8581104653938], "Nicki Sterling": [-10743.363511415506, -4050.204534146903], "Lyndsie J.": [-7411.65997596175, -412.39037479914435], "Shira": [-1564.3680379485436, 1211.725611386405], "Brittney": [-5291.203328990777, -1179.4390278975632], "Holly": [-7393.648354360099, 420.16386200085134], "Rachel Truehart": [-5847.802513993037, -297.103655489894], "Monica": [-2749.03231127679, -1421.1308116933194], "Courtney Robertson": [-4986.354009083363, -1542.5286305270245], "Elyse Myers": [5400.818585064533, 1772.5141099101797], "Emily OBrien": [-3136.361047849637, -355.6879539567112], "Kacie Boguskie ": [5865.791125060797, 3385.351003286792], "Grandma Shelly": [-508.093062703014, -1288.7073922905668], "Samantha Levey": [-6765.661927656349, -199.75649263681717], "Dianna": [1791.2499439534593, 3512.4101962834557], "Jaclyn Swartz": [-8585.870322850573, -2429.736069036244], "Shawn Reynolds": [-5618.512983056644, 850.9664801216038], "Blakeley Shea": [-4575.765940566255, 6284.7526020385985], "Amber Bacon": [-1620.3835684151675, 901.906818210039], "Jamie Otis": [2.7912119615461557, -2305.867874761306], "Jennifer": [-2596.7617504896775, 5446.976480385985], "Anna Snowball": [-5808.9679191570995, -378.5771797566451], "Erika Uhlig": [-4130.3816651365905, 619.4453288946589], "Lindzi C": [806.4690250051993, -1494.4613534544333], "Jenna": [-5109.409597862333, 1604.16963417222]}, "19": {"Bo": [-1202.5156146469128, -401.25388378815927], "Kaitlyn": [4162.811463463595, 365.01417048237784], "Tara": [109.73758398981506, -1170.6491313159918], "Nikki": [5215.96665489994, 1041.3245107103937], "Trina": [-1402.4098442453865, 68.39886047774671], "Becca": [402.8084808286318, 686.1283330319793], "Juelia": [-2495.868700879757, -381.6290575639935], "Samantha": [901.4860972979151, 2731.870768773947], "Kelsey": [948.535139926268, 1235.7276100004494], "Megan": [-2832.0803577726347, -1462.3322985299624], "Jordan": [1559.92926344539, -1185.3490846372579], "Tandra": [-1811.409428132035, -378.6788252115506], "Reegan": [-2304.147058834564, -860.5902140452132], "Michelle": [2322.008169420695, 5447.875455383634], "Ashley": [-2110.384195526929, 212.10559752087067], "Brittany": [-689.230769300057, 1260.7422106777021], "Amanda": [-3027.8129330465376, -1060.9283114125524], "Tracy": [4802.646322657007, -541.7840210101568], "Amber": [-201.21202477297612, 2373.1425730747524], "Jillian": [-591.0039567092296, 6228.5710117827375],