{"JoJo": 0.021251897490847396, "Jubilee": 0.1785873738726672, "Lauren H": 0.01830520582194839, "Leah": 0.01187606036253237, "Rachel": 0.04366461291186713, "Haley": 0.007500669702652022, "Jennifer": 0.006786320207161353, "Becca": 0.03223502098401643, "Olivia": 0.1785873738726672, "Caila": 0.06491651040271453, "Lauren B": 0.1785873738726672, "Amanda": 0.03464595053129744, "Amber": 0.1785873738726672, "Emily": 0.04446825609429413}