{"Amber": 0.07402639201802381, "Jubilee": 0.07555519794013518, "Emily": 0.02623109108464757, "Shushanna": 0.028162214354682975, "Lauren H": 0.008368200836820083, "Caila": 0.012874155133569359, "JoJo": 0.028564531702607015, "Leah": 0.02236884454457676, "Rachel": 0.029530093337624717, "Haley": 0.014402961055680721, "Jackie": 0.014483424525265529, "Jennifer": 0.017219182491149017, "Amanda": 0.07644029610556807, "Becca": 0.005069198583842935, "Olivia": 0.1126488574187319, "Samantha": 0.046990666237528164, "LB": 0.013035082072738976, "Lauren B": 0.05833601544898616, "Mandi": 0.160926939169617, "Jami": 0.013839716768587062, "Lace": 0.160926939169617}