{"Amber": 0.44243675787299946, "Jubilee": 0.45224574083634489, "Emily": 0.1357769747031492, "Shushanna": 0.1481672689726381, "Lauren H": 0.021166752710376872, "Caila": 0.050077439339184307, "JoJo": 0.15074858027878163, "Leah": 0.1109963861641714, "Rachel": 0.15694372741352608, "Haley": 0.059886422302529684, "Jackie": 0.060402684563758392, "Jennifer": 0.077955601445534331, "Amanda": 0.45792462570986059, "Becca": 0.0, "Olivia": 0.69024264326277751, "Samantha": 0.26897263810015487, "LB": 0.051109963861641711, "Lauren B": 0.34176561693340218, "Mandi": 1.0, "Jami": 0.056272586473928757, "Lace": 1.0}