{"JoJo": 0.084199584199584204, "Jubilee": 1.0, "Lauren H": 0.067047817047817052, "Leah": 0.029625779625779627, "Rachel": 0.21465696465696466, "Haley": 0.0041580041580041582, "Jennifer": 0.0, "Becca": 0.14812889812889812, "Olivia": 1.0, "Caila": 0.33835758835758833, "Lauren B": 1.0, "Amanda": 0.16216216216216217, "Amber": 1.0, "Emily": 0.21933471933471935}